Identifier,Sequence,Strength
J61100,GAAAGAGGGGACAA,0.047513
J61101,GAAAGACAGGACCC,0.119831
J61102,GAAAGATCCGATGT,
J61103,GAAAGATTAGACAA,
J61104,GAAAGAAGGGACAG,
J61105,GAAAGACATGACGT,
J61106,GAAAGATAGGAGAC,
J61107,GAAAGAAGAGACTC,0.065454
J61108,GAAAGACGAGATAT,
J61109,GAAAGACTGGAGAC,
J61110,GAAAGAGGCGAATT,
J61111,GAAAGAGGCGATAC,
J61112,GAAAGAGGTGACAT,
J61113,GAAAGAGTGGAAAA,
J61114,GAAAGATGAGAAGA,
J61115,GAAAGAAGGGATAC,
J61116,GAAAGACATGAGGC,
J61117,GAAAGACATGAGTT,0.038518
J61118,GAAAGAGACGAATC,
J61119,GAAAGATTTGATAT,
J61120,GAAAGACGCGAGAA,
J61121,GAAAGAGACGAGTC,
J61122,GAAAGAGAGGAGCC,
J61123,GAAAGAGATGACTA,
J61124,GAAAGAGCCGACAT,
J61125,GAAAGAGCCGAGTT,
J61126,GAAAGAGGTGACTC,
J61127,GAAAGAGTGGAACT,0.087334
J61128,GAAAGATAGGACTC,
J61129,GAAAGATTGGACGT,
J61130,GAAAGAAACGACAT,
J61131,GAAAGAACCGAATT,
J61132,GAAAGACAGGATTA,
J61133,GAAAGACCCGAGAC,
J61134,GAAAGACCGGAAAT,
J61135,GAAAGACCGGAGAC,
J61136,GAAAGAGCTGAGCA,
J61137,GAAAGAGTAGATCA,
J61138,GAAAGATATGAATA,
J61139,GAAAGATTAGAGTC,
B0032,tcacacaggaaag,0.3
B0030,attaaagaggagaaa,0.6
B0031,tcacacaggaaacc,0.07
B0033,tcacacaggac,0.01
B0034,aaagaggagaaa,1
